channel_id,parent_id,super_category,category,channel_name,channel_type,url,primary_persona,funnel_role,trust_signal,participation_mode,key_threads_or_content,top_creators_or_contacts,keywords,playbook_notes
CH-001,ROOT,Precedent+Validation,Q&A Networks,StackExchange (Electrical Engineering),Q&A,https://electronics.stackexchange.com,Engineer,Validate decision,Accepted answers+upvotes,Participate+Monitor,"timing tag, oscillator questions, jitter discussions",Tag leaders in timing/oscillator tags,"clocking,timing,signal integrity,jitter,phase noise,oscillator","Build canonical answers on MEMS vs quartz; cite SiTime datasheets; answer 'which oscillator' questions"
CH-001A,CH-001,Precedent+Validation,Q&A Networks,EE.SE - Timing Tag,Q&A Tag,https://electronics.stackexchange.com/questions/tagged/timing,Engineer,Validate decision,Tag activity+accepted answers,Monitor+Answer,"Crystal vs MEMS threads, jitter measurement questions",Active timing tag contributors,"timing,clock,frequency","Monitor for MEMS vs quartz questions; provide authoritative answers with SiTime references"
CH-001B,CH-001,Precedent+Validation,Q&A Networks,EE.SE - Oscillator Tag,Q&A Tag,https://electronics.stackexchange.com/questions/tagged/oscillator,Engineer,Validate decision,Tag activity+accepted answers,Monitor+Answer,"Oscillator selection, startup issues, phase noise",Active oscillator tag contributors,"oscillator,crystal,MEMS","Answer oscillator selection questions; link to SiTime selection tools"
CH-004,ROOT,Precedent+Validation,Engineering Forums,EEVblog Forum,Forum,https://www.eevblog.com/forum,Engineer,Peer validation,Thread longevity+expert posters,Monitor+Selective post,"MEMS vs crystal threads, jitter discussions, teardowns","Dave Jones (@eevblog), active forum experts","oscillator,phase noise,jitter,clock","High-signal skepticism channel; credibility matters; participate with data not marketing"
CH-004A,CH-004,Precedent+Validation,Engineering Forums,EEVblog - MEMS vs Crystal Thread,Forum Thread,https://www.eevblog.com/forum/microcontrollers/anything-i-need-to-know-using-a-mems-clock-vs-a-crystal/,Engineer,Peer validation,Thread engagement,Monitor,"Direct MEMS vs crystal comparison, practical considerations",Thread participants,"MEMS,crystal,clock","Key comparison thread; monitor for objections and misconceptions to address"
CH-004B,CH-004,Precedent+Validation,Engineering Forums,EEVblog - Crystal vs MEMS Beginners,Forum Thread,https://www.eevblog.com/forum/beginners/crystal-vs-mems-oscillators/,Engineer,Peer validation,Beginner-friendly answers,Monitor+Participate,"Beginner-level MEMS vs crystal explanations",Helpful senior members,"crystal,MEMS,oscillator","Good entry point for educational content; link to SiTime tutorials"
CH-004C,CH-004,Precedent+Validation,Engineering Forums,EEVblog - Femtosecond Jitter Thread,Forum Thread,https://www.eevblog.com/forum/projects/femtosecond-jitter-ultra-low-phase-noise-oscillator/,Senior Engineer,Peer validation,Technical depth,Monitor,"Ultra-low jitter discussion, phase noise optimization",Advanced timing engineers,"jitter,phase noise,femtosecond","High-end precision timing discussion; showcase Elite Platform specs"
CH-004D,CH-004,Precedent+Validation,Engineering Forums,EEVblog - Low Jitter Clock Reference,Forum Thread,https://www.eevblog.com/forum/testgear/cheap-low-jitter(lt10ps)-low-speed-clock-reference-recommendation/,Engineer,Peer validation,Recommendation thread,Participate,"Budget-conscious low jitter recommendations",Test equipment enthusiasts,"jitter,clock,reference","Opportunity to position SiTime as value leader in precision timing"
CH-004E,CH-004,Precedent+Validation,Engineering Forums,EEVblog - FPGA Clock Jitter,Forum Thread,https://www.eevblog.com/forum/fpga/generating-a-600khz-clock-with-10ps-jitter/50/,FPGA Engineer,Implementation validation,Technical discussion,Monitor,"FPGA jitter optimization, external oscillator selection",FPGA developers,"FPGA,jitter,clock","Connect FPGA use cases to SiTime differential oscillators"
CH-004F,CH-004,Precedent+Validation,Engineering Forums,EEVblog #1089 - XTAL Oscillator Teardown,YouTube Video,https://www.youtube.com/watch?v=dkdLWronrlk,Engineer,Education,Dave Jones credibility,Monitor,Crystal oscillator module teardown and analysis,Dave Jones,"crystal,oscillator,teardown","Reference point for what's inside traditional oscillators; contrast with MEMS"
CH-005,ROOT,Precedent+Validation,Engineering Forums,All About Circuits Forum,Forum,https://forum.allaboutcircuits.com,Engineer,Peer troubleshooting,Replies+sticky threads,Monitor,"Phase noise, jitter, oscillator selection threads",Active forum contributors,"timing,crystal,oscillator,pcb","Good for entry/mid-level discovery; link to educational resources"
CH-005A,CH-005,Precedent+Validation,Engineering Forums,AAC - Crystal Oscillator Phase Noise,Forum Thread,https://forum.allaboutcircuits.com/threads/crystal-oscillator-phase-noise.32029/,Engineer,Troubleshooting,Thread engagement,Monitor+Answer,"Phase noise issues, oscillator selection for synthesizers",Frequency synthesis experts,"phase noise,crystal,oscillator","Address phase noise questions with MEMS comparison data"
CH-005B,CH-005,Precedent+Validation,Engineering Forums,AAC - Internal Oscillator Jitter Issues,Forum Thread,https://forum.allaboutcircuits.com/threads/16f18877-internal-oscillator-jitter-issues.169113/,Engineer,Troubleshooting,Solution provided,Monitor,"MCU internal oscillator vs external, jitter problems",MCU developers,"jitter,oscillator,MCU","Opportunity to recommend external MEMS oscillator solutions"
CH-005C,CH-005,Precedent+Validation,Engineering Forums,AAC - Understanding Phase Noise and Jitter,Forum Thread,https://forum.allaboutcircuits.com/threads/understanding-phase-noise-and-jitter.125746/,Engineer,Education,Educational thread,Participate,"Phase noise vs jitter concepts, measurement techniques",Signal integrity engineers,"phase noise,jitter","Educational thread; provide authoritative explanations with SiTime app notes"
CH-005D,CH-005,Precedent+Validation,Engineering Forums,AAC - Ultra Low Phase Noise Generation,Forum Thread,https://forum.allaboutcircuits.com/threads/generating-an-ultra-low-phase-noise-signal.201078/,Senior Engineer,Technical discussion,Expert engagement,Monitor,"OCXO discussion, ultra-low phase noise design",RF/precision timing experts,"phase noise,OCXO,sinewave","Position SiTime precision oscillators for demanding applications"
CH-006,ROOT,Precedent+Validation,Trade Engineering Media,EE Times,Media,https://www.eetimes.com,Engineer,Opinion shaping,Article quality+comments,Monitor+Pitch,"SiTime coverage, MEMS timing articles, industry trends",Tech journalists,"semiconductor,clock,timing,MEMS","Monitor for SiTime mentions; pitch bylines on timing trends"
CH-006A,CH-006,Precedent+Validation,Trade Engineering Media,EETimes - SiTime Ruggedized MEMS,Article,https://www.eetimes.com/sitime-adds-ruggedized-mems-timing-for-aerospace-and-defense/,Engineer+Exec,Awareness,Publication credibility,Monitor,"Aerospace/defense timing, ruggedized oscillators",EE Times editors,"aerospace,defense,MEMS,ruggedized","Amplify; use for A&D market positioning"
CH-006B,CH-006,Precedent+Validation,Trade Engineering Media,EETimes - SiTime MEMS Clock ICs for 5G,Article,https://www.eetimes.com/sitime-enters-mems-clock-ics-for-resilient-timing-in-5g-and-outdoors/,Engineer+Exec,Awareness,Publication credibility,Monitor,"5G timing, resilient clocks, outdoor applications",EE Times editors,"5G,timing,resilient,outdoor","Key 5G positioning article; reference in sales materials"
CH-006C,CH-006,Precedent+Validation,Trade Engineering Media,EETimes - Last MEMS Oscillator Maker Standing,Article,https://www.eetimes.com/last-mems-oscillator-maker-standing/,Exec,Awareness,Market analysis,Monitor,Market leadership positioning,Industry analysts,"MEMS,market share,SiTime","Use for competitive positioning; SiTime market dominance narrative"
CH-006D,CH-006,Precedent+Validation,Trade Engineering Media,EETimes - Programmable Oscillators for FPGA,Article,https://www.eetimes.com/programmable-oscillators-enhance-fpga-applications/,Engineer,Education,Technical depth,Syndicate,"FPGA clocking, programmable oscillators, design flexibility",Tech writers,"FPGA,programmable,oscillator","Syndicate; core FPGA use case content"
CH-007,ROOT,Peer Networks,Public Social,Reddit,Social,https://www.reddit.com,Engineer,Peer consensus,Upvotes+engagement,Monitor+Participate carefully,"Oscillator recommendations, component selection threads",Active subreddit contributors,"embedded,FPGA,electronics","Map subreddits; participate authentically; never overtly promotional"
CH-007A,CH-007,Peer Networks,Public Social,r/embedded,Subreddit,https://www.reddit.com/r/embedded,Embedded Engineer,Peer consensus,Community engagement,Monitor+Participate,"Clock selection, MCU timing, firmware questions",Subreddit moderators+active users,"embedded,firmware,MCU,clock","Monitor for timing-related questions; provide helpful technical answers"
CH-007B,CH-007,Peer Networks,Public Social,r/FPGA,Subreddit,https://www.reddit.com/r/FPGA,FPGA Engineer,Peer consensus,Community engagement,Monitor+Participate,"FPGA clocking, PLL discussions, jitter concerns",FPGA community members,"FPGA,clock,jitter,PLL","Key audience for differential oscillator products"
CH-007C,CH-007,Peer Networks,Public Social,r/AskElectronics,Subreddit,https://www.reddit.com/r/AskElectronics,Engineer+Hobbyist,Peer consensus,Helpful answers,Monitor+Participate,"Component selection, oscillator questions, beginner topics",Active helpers,"electronics,oscillator,components","Good for educational engagement; link to resources"
CH-007D,CH-007,Peer Networks,Public Social,r/ECE,Subreddit,https://www.reddit.com/r/ECE,Engineer,Peer consensus,Academic+industry mix,Monitor,"Signal integrity, timing, academic discussions",ECE students+professionals,"ECE,signal integrity,timing","Academic angle; reference research papers"
CH-008,ROOT,Peer Networks,Public Social,LinkedIn Engineering Groups,Social,https://www.linkedin.com,Engineer+Manager,Awareness+validation,Engagement+shares,Participate+Syndicate,"Industry discussions, product announcements, thought leadership",Group admins+active posters,"embedded systems,hardware engineering,signal integrity","Good reach; syndicate technical content; build thought leadership"
CH-009,ROOT,Practitioner Media,Thought Leadership,IEEE Spectrum,Media+community,https://spectrum.ieee.org,Senior Engineer,Authority shaping,Reputation+depth,Monitor+Pitch,"MEMS technology, semiconductor trends, precision timing",IEEE editors+authors,"MEMS,semiconductor,clocking","Not volume channel; high authority; pitch deep technical articles"
CH-009A,CH-009,Practitioner Media,Thought Leadership,IEEE Xplore - MEMS Oscillators,Research Papers,https://ieeexplore.ieee.org,Senior Engineer+Researcher,Authority,Academic citations,Monitor,"Low jitter MEMS research, timing stability papers",Academic researchers,"MEMS,jitter,oscillator,research","Monitor for citations; reference in whitepapers"
CH-010,ROOT,Practitioner Media,Builder Communities,Hackster.io,Community,https://www.hackster.io,Maker/Engineer,Hands-on exploration,Project quality+followers,Participate+Syndicate,"Timing projects, clock builds, embedded applications",Project creators,"embedded,IoT,Arduino,FPGA","Useful for tutorial-style content; create reference projects"
CH-010A,CH-010,Practitioner Media,Builder Communities,Hackster - Embedded Clock Projects,Project Category,https://www.hackster.io/search?q=clock,Maker/Engineer,Inspiration,Project engagement,Syndicate,"Real-time clock projects, timing applications",Active makers,"clock,RTC,timing","Create SiTime-based reference projects for makers"
CH-011,ROOT,Practitioner Media,Builder Communities,Wevolver,Community,https://www.wevolver.com,Engineer,Technical education,Article depth+shares,Participate+Syndicate,"Engineering guides, component deep-dives",Technical writers,"MEMS,oscillator,precision timing","Already a pillar; expand with SiTime technical content"
CH-012,ROOT,Implementation Surfaces,Code Communities,GitHub,Code+community,https://github.com,Engineer,Implementation truth,Issues+stars+velocity,Publish+Engage,"Driver repos, integration examples, reference implementations",Open source maintainers,"device drivers,embedded,timing","Extract pain points; publish reference implementations"
CH-012A,CH-012,Implementation Surfaces,Code Communities,SparkFun SiT5811 Arduino Library,Repository,https://github.com/sparkfun/SparkFun_SiT5811_OCXO_Arduino_Library,Arduino Dev,Implementation,Stars+forks,Engage,"OCXO Arduino control, I2C interface examples",SparkFun team,"Arduino,OCXO,I2C,SiTime","Key reference implementation; support community issues"
CH-012B,CH-012,Implementation Surfaces,Code Communities,SparkFun SiT5358 Arduino Library,Repository,https://github.com/sparkfun/SparkFun_SiT5358_DCTCXO_Arduino_Library,Arduino Dev,Implementation,Stars+forks,Engage,"DCTCXO Arduino control, temperature compensation",SparkFun team,"Arduino,TCXO,SiTime","Key reference implementation; support community issues"
CH-012C,CH-012,Implementation Surfaces,Code Communities,Linux Kernel Clock Drivers,Repository,https://github.com/torvalds/linux/tree/master/drivers/clk,Linux Dev,Implementation,Kernel acceptance,Monitor,"Linux clock framework, oscillator drivers",Kernel maintainers,"Linux,driver,clock","Monitor for timing-related kernel discussions; contribute if needed"
CH-012D,CH-012,Implementation Surfaces,Code Communities,MEMS TCXO 32k OSC Breakout,Repository,https://github.com/meerstern/MEMS_TCXO_32kOSC,Hardware Dev,Implementation,Project completeness,Monitor,"SiTime SIT1552AC breakout, 32.768kHz RTC applications",Hardware makers,"MEMS,TCXO,32kHz,RTC","Community validation of SiTime 32kHz products"
CH-015,ROOT,Distribution-Adjacent,Distributor Communities,DigiKey TechForum,Forum,https://forum.digikey.com,Engineer,Comparison+purchase,Community engagement,Monitor+Engage,"SiTime ordering questions, part number requests, programming",DigiKey FAEs,"compare,alternative,pricing,features","Key purchase-decision channel; support ordering questions"
CH-015A,CH-015,Distribution-Adjacent,Distributor Communities,DigiKey - SiTime Programmable Oscillators,Forum Category,https://forum.digikey.com/c/passives/sitime-programmable-oscillators/56,Engineer,Purchase,Forum activity,Engage,"Custom part number requests, programming questions, specs",DigiKey support team,"SiTime,programmable,oscillator","Direct support channel; respond to technical questions promptly"
CH-015B,CH-015,Distribution-Adjacent,Distributor Communities,DigiKey - How to Order Custom SiTime,Forum Thread,https://forum.digikey.com/t/how-to-order-custom-sitime-programmable-oscillators/5811,Engineer,Purchase,Ordering guide,Reference,"Custom oscillator ordering process, lead times",DigiKey FAEs,"custom,order,programming","Key reference for custom ordering; keep updated"
CH-015C,CH-015,Distribution-Adjacent,Distributor Communities,DigiKey - MEMS vs Traditional Oscillator,Forum Thread,https://forum.digikey.com/t/mems-oscillator-vs-traditional-oscillator/758,Engineer,Comparison,Educational content,Monitor,"MEMS advantages, comparison with quartz",DigiKey technical team,"MEMS,traditional,comparison","Ensure accurate information; add technical corrections if needed"
CH-015D,CH-015,Distribution-Adjacent,Distributor Communities,DigiKey - SiTime Product Page,Distributor Page,https://www.digikey.com/en/product-highlight/s/sitime/oscillator-selection,Engineer,Purchase,Product availability,Optimize profile,"Product selection guide, inventory, pricing",DigiKey product team,"SiTime,selection,oscillator","Optimize product descriptions; ensure accurate specs"
CH-016,ROOT,Analyst-Adjacency,Industry Blogs,SemiWiki,Media,https://semiwiki.com,Exec+Engineer,Strategic framing,Depth+readership,Pitch+Monitor,"Semiconductor trends, timing market analysis, supply chain",SemiWiki editors+analysts,"semiconductor,supply chain,timing","Use for narrative + executive framing; pitch bylines"
CH-016A,CH-016,Analyst-Adjacency,Industry Blogs,SemiWiki Forum,Forum,https://semiwiki.com/forum,Industry Insider,Discussion,Forum engagement,Monitor,"Industry discussions, technology debates",Forum regulars,"semiconductor,timing,industry","Monitor for timing market discussions; engage on strategic threads"
CH-016B,CH-016,Analyst-Adjacency,Industry Blogs,Signal Integrity Journal,Media,https://www.signalintegrityjournal.com,Senior Engineer,Authority,Publication quality,Pitch+Syndicate,"Signal integrity, jitter analysis, timing solutions",Editorial team+authors,"signal integrity,jitter,timing","Key SI publication; pitch technical articles; syndicate content"
CH-016C,CH-016,Analyst-Adjacency,Industry Blogs,Signal Integrity Journal - SiT9501,Article,https://www.signalintegrityjournal.com/articles/1831-differential-mems-oscillator-sit9501,Engineer,Awareness,Publication credibility,Amplify,"Differential MEMS oscillator, 100G-800G optical modules",SI Journal editors,"differential,MEMS,optical,100G","Amplify for high-speed design audience"
CH-016D,CH-016,Analyst-Adjacency,Industry Blogs,Signal Integrity Journal - SiTime 5G Precision,Article,https://www.signalintegrityjournal.com/articles/2905-sitime-sets-benchmark-in-timing-performance-with-precision-oscillator-for-data-centers-and-5g-infrastructure,Engineer+Exec,Awareness,Publication credibility,Amplify,"5G timing, data center precision, holdover",SI Journal editors,"5G,data center,precision,holdover","Key 5G/DC positioning; reference in enterprise sales"
CH-017,ROOT,Conferences+Talks,Conference Content,DesignCon,Conference,https://www.designcon.com,Senior Engineer,Authority+learning,Citations+attendance,Speak+Sponsor+Syndicate,"Signal integrity tracks, jitter measurement, high-speed design",DesignCon program committee,"signal integrity,clocking,jitter","Extract speakers, hot themes; submit papers; sponsor"
CH-017A,CH-017,Conferences+Talks,Conference Content,DesignCon - Jitter/Noise Track,Conference Track,https://www.designcon.com/en/education/education-overview.html,Senior Engineer,Learning,Track popularity,Speak+Attend,"Jitter measurement, noise analysis, BER/SER",Track speakers+chairs,"jitter,noise,BER,measurement","Submit papers on MEMS jitter advantages; attend for networking"
CH-017B,CH-017,Conferences+Talks,Conference Content,DesignCon 2025 Proceedings,Papers,https://fliphtml5.com/mddwo/rsnb/DesignCon_2025_Compiled_Paper_Proceedings/,Senior Engineer,Learning,Paper citations,Monitor,"Timing analysis, SI/PI papers, clock distribution",Paper authors,"timing,SI,PI,clock","Monitor for relevant papers; cite in SiTime technical content"
CH-017C,CH-017,Conferences+Talks,Conference Content,Embedded World,Conference,https://www.embedded-world.de,Embedded Engineer,Authority+learning,Conference prestige,Speak+Sponsor,"Embedded timing, MCU clocking, automotive",EW program committee,"embedded,timing,automotive","Key embedded conference; submit timing papers"
CH-017D,CH-017,Conferences+Talks,Conference Content,Embedded World North America,Conference,https://embedded-world-na.com,Embedded Engineer,Authority+learning,Regional focus,Speak+Sponsor,"US embedded market, local networking",EWNA organizers,"embedded,North America","Growing US presence; sponsor for brand visibility"
CH-018,ROOT,Private Peer Networks,Invite Communities,Embedded Engineering Discord,Discord Server,https://discord.gg/embedded,Engineer,Consensus building,Invite+reputation,Seed champions,"Technical discussions, career advice, project help","Server moderators, active members","embedded,firmware,hardware","17K+ members; seed champions; offer office hours"
CH-018A,CH-018,Private Peer Networks,Invite Communities,Embedded Electronics Discord,Discord Server,https://disboard.org/server/1297336181888909312,Engineer,Peer discussion,Community size,Seed champions,"Embedded systems, IoT, firmware development",Server admins,"embedded,IoT,firmware","Identify and enable champions"
CH-018B,CH-018,Private Peer Networks,Invite Communities,Electronics For All Slack,Slack Workspace,https://slofile.com/slack/electronicsforall,Engineer+Hobbyist,Peer discussion,Workspace activity,Seed champions,"8051, AVR, ARM, Arduino, Raspberry Pi discussions",Workspace admins,"embedded,Arduino,ARM,Raspberry Pi","Broad electronics community; educational angle"
CH-019,ROOT,Vendor Forums,Vendor Communities,TI E2E Forum - Clock & Timing,Forum,https://e2e.ti.com/support/clock-timing-group/clock-and-timing/f/clock-timing-forum,Engineer,Implementation,TI expert answers,Monitor,"Clock generator questions, oscillator selection, jitter",TI engineers+FAEs,"clock,timing,oscillator,TI","Monitor for timing questions; understand TI positioning"
CH-019A,CH-019,Vendor Forums,Vendor Communities,TI E2E - HCSL Oscillator Thread,Forum Thread,https://e2e.ti.com/support/clock-timing-group/clock-and-timing/f/clock-timing-forum/1170670/lmk61e07-hcsl-oscillator-recommendation,Engineer,Selection,Recommendation thread,Monitor,"HCSL oscillator selection, low-jitter 400MHz",TI FAEs,"HCSL,oscillator,low-jitter","Competitive intelligence; understand customer needs"
CH-019B,CH-019,Vendor Forums,Vendor Communities,TI E2E - Clock Configuration,Forum Thread,https://e2e.ti.com/support/clock-timing-group/clock-and-timing/f/clock-timing-forum/1290931/lmk04832-clock-configuration,Engineer,Implementation,Technical depth,Monitor,"LMK04832 configuration, FPGA clocking, phase noise",TI engineers,"clock,FPGA,phase noise","Understand clock IC configuration questions"
CH-020,ROOT,Vendor Forums,Vendor Communities,ADI EngineerZone,Forum,https://ez.analog.com,Engineer,Implementation,ADI expert answers,Monitor,"ADC clocking, jitter impact, phase noise",ADI engineers+FAEs,"ADC,jitter,phase noise,clock","Monitor for jitter/phase noise questions; position SiTime"
CH-020A,CH-020,Vendor Forums,Vendor Communities,ADI EZ - Clock Input Signal,Forum Thread,https://ez.analog.com/clock_and_timing/f/q-a/20424/clock-input-signal,Engineer,Implementation,Technical answer,Monitor,"Clock distribution jitter, additive jitter, LVPECL",ADI timing experts,"clock,jitter,LVPECL","Key jitter discussion; understand ADI perspective"
CH-020B,CH-020,Vendor Forums,Vendor Communities,ADI EZ - ADC Clock Jitter,Forum Thread,https://ez.analog.com/other-products/f/q-a/52440/adc-clock--jitter-vs-clock-phase-noise,Engineer,Implementation,Technical depth,Monitor,"ADC jitter sensitivity, phase noise vs jitter",ADI converter experts,"ADC,jitter,phase noise","Key ADC clocking thread; SiTime solutions for converters"
CH-020C,CH-020,Vendor Forums,Vendor Communities,ADI - Jitter Webinar,Webinar,https://ez.analog.com/webinar/c/e/585,Engineer,Education,ADI credibility,Monitor,"Jitter fundamentals, measurement techniques",ADI presenters,"jitter,phase noise,measurement","Educational resource; understand customer knowledge level"
CH-021,ROOT,Vendor Forums,Vendor Communities,NXP Community,Forum,https://community.nxp.com,Engineer,Implementation,NXP expert answers,Monitor,"MCU clocking, MEMS replacement questions",NXP engineers+FAEs,"MCU,oscillator,MEMS","Monitor for MEMS oscillator questions"
CH-021A,CH-021,Vendor Forums,Vendor Communities,NXP - Can MEMS Replace Quartz,Forum Thread,https://community.nxp.com/t5/i-MX-Processors/Can-MEMS-oscillators-replace-quartz-crystal-oscillators/m-p/764102,Engineer,Validation,Community answer,Monitor,"MEMS vs quartz for i.MX processors",NXP FAEs,"MEMS,quartz,i.MX","Key validation thread; ensure accurate MEMS information"
CH-022,ROOT,Vendor Forums,Vendor Communities,Xilinx/AMD Community,Forum,https://forums.xilinx.com,FPGA Engineer,Implementation,AMD/Xilinx support,Monitor,"FPGA clocking, internal oscillator, PLL jitter",AMD engineers+community,"FPGA,clock,PLL,jitter","Key FPGA channel; understand clocking challenges"
CH-022A,CH-022,Vendor Forums,Vendor Communities,AMD - Internal Oscillator Use,Forum Thread,https://forums.xilinx.com/t5/Welcome-Join/how-to-use-internal-oscillator-in-fpga/td-p/656209,FPGA Engineer,Implementation,Community discussion,Monitor,"Internal vs external oscillator, FPGA design",FPGA developers,"FPGA,oscillator,internal","Opportunity to recommend external SiTime oscillators"
CH-023,ROOT,Vendor Forums,Vendor Communities,Intel/Altera Community,Forum,https://community.intel.com/t5/FPGAs/ct-p/fpgas,FPGA Engineer,Implementation,Intel support,Monitor,"Intel FPGA clocking, MAX 10, PLL configuration",Intel FAEs+community,"FPGA,Intel,Altera,PLL","Key Intel FPGA channel"
CH-023A,CH-023,Vendor Forums,Vendor Communities,Altera - MAX 10 Oscillator/PLL,Forum Thread,https://community.altera.com/discussions/fpga-device/cpld-max-10-connecting-the-internal-oscillator-clock-to-the-input-of-pll/229473,FPGA Engineer,Implementation,Technical discussion,Monitor,"MAX 10 clocking, internal oscillator, PLL input",Intel FPGA community,"MAX 10,oscillator,PLL","Monitor for oscillator questions"
CH-024,ROOT,Technical Resources,EDA Forums,EDAboard,Forum,https://www.edaboard.com,Engineer,Troubleshooting,Forum engagement,Monitor,"Jitter problems, oscillator design, FPGA clocking",Active forum members,"EDA,jitter,oscillator,FPGA","General EDA community; monitor for timing topics"
CH-024A,CH-024,Technical Resources,EDA Forums,EDAboard - FPGA Oscillator Thread,Forum Thread,https://www.edaboard.com/threads/crystal-oscillators-instead-of-fpga-clock.368159/,FPGA Engineer,Implementation,Solution thread,Monitor,"Crystal vs oscillator for FPGA, design considerations",EDA community,"FPGA,crystal,oscillator","Opportunity to explain oscillator advantages"
CH-024B,CH-024,Technical Resources,EDA Forums,EDAboard - Different Oscillator for FPGA,Forum Thread,https://www.edaboard.com/threads/different-oscillator-for-fpga-system-clock.335459/,FPGA Engineer,Selection,Recommendation thread,Monitor,"Oscillator selection for FPGA, frequency options",EDA community,"FPGA,oscillator,frequency","Answer with SiTime recommendations"
CH-025,ROOT,Technical Resources,Reference Sites,fpga4fun.com,Reference Site,https://www.fpga4fun.com/oscillators.html,FPGA Engineer,Education,Established resource,Monitor,"Crystal vs oscillator basics, FPGA clocking fundamentals",Site author,"FPGA,oscillator,crystal","Educational reference; link to from SiTime resources"
CH-026,ROOT,Thought Leaders,Signal Integrity Experts,Eric Bogatin,Individual,https://www.signalintegrityjournal.com/authors/25-eric-bogatin,Senior Engineer,Authority,Industry reputation,Engage,"Signal integrity fundamentals, transmission lines, SI education","Eric Bogatin (U of Colorado, Teledyne LeCroy)","signal integrity,SI,transmission line","Key influencer; reference his work; potential collaboration"
CH-026A,CH-026,Thought Leaders,Signal Integrity Experts,Bert Simonovich Design Notes,Blog,https://blog.lamsimenterprises.com/category/signal-integrity/,Senior Engineer,Authority,Blog quality,Monitor+Engage,"SI/PI engineering, practical design notes",Bert Simonovich,"signal integrity,SI,PI,design","Active SI blogger; potential content collaboration"
CH-027,ROOT,Owned Surfaces,SiTime Assets,SiTime Experts Corner,Owned,https://www.sitime.com/experts-corner,All,Convert+educate,Site traffic,Build+Iterate,"FPGA clocking guides, technical deep-dives",SiTime team,"FPGA,oscillator,timing","Expand with more use-case content; SEO optimize"
CH-027A,CH-027,Owned Surfaces,SiTime Assets,SiTime FAQs,Owned,https://www.sitime.com/support/faqs,All,Support+convert,Search citations,Build+Iterate,"Common questions, MEMS basics, product selection",SiTime support,"FAQ,MEMS,oscillator","Expand based on community questions; optimize for search"
CH-027B,CH-027,Owned Surfaces,SiTime Assets,SiTime MEMS vs Quartz,Owned,https://www.sitime.com/silicon-mems-timing-versus-quartz,Engineer,Education,Authoritative source,Build+Iterate,"MEMS advantages, comparison data, reliability",SiTime marketing,"MEMS,quartz,comparison","Core comparison page; keep updated with latest data"
CH-027C,CH-027,Owned Surfaces,SiTime Assets,SiTime Blog - MEMS vs Quartz Reliability,Owned,https://www.sitime.com/company/newsroom/blog/mems-vs-quartz-crystal-oscillators-benefits-reliability-applications,Engineer,Education,Technical depth,Build+Iterate,"Reliability comparison, MTBF data, applications",SiTime content team,"MEMS,quartz,reliability,MTBF","Key differentiator content; reference in community answers"
CH-028,ROOT,Technical Resources,Technical Articles,Electronic Design,Publication,https://www.electronicdesign.com,Engineer,Education,Publication credibility,Monitor+Pitch,"Technology comparisons, application guides",ED editors,"electronics,design,embedded","Pitch technical articles on timing trends"
CH-028A,CH-028,Technical Resources,Technical Articles,ED - MEMS vs Crystal Applications,Article,https://www.electronicdesign.com/technologies/embedded/article/21263965/q-tech-corp-mems-vs-crystal-oscillators-its-all-in-the-application,Engineer,Comparison,Article depth,Monitor,"Application-based selection, when to use each",Tech writers,"MEMS,crystal,application","Good comparison article; reference for balanced view"
CH-029,ROOT,Technical Resources,Technical Articles,EEJournal,Publication,https://www.eejournal.com,Engineer,Education,Publication credibility,Monitor+Pitch,"MEMS timing coverage, precision timing trends",EEJ editors,"MEMS,timing,precision","Key electronics publication"
CH-029A,CH-029,Technical Resources,Technical Articles,EEJournal - MEMS Precision Timing,Article,https://www.eejournal.com/article/mems-oscillators-address-precision-timing-problems/,Engineer,Education,Article quality,Amplify,"MEMS solving precision timing challenges",Tech journalists,"MEMS,precision,timing","Positive coverage to amplify"
CH-030,ROOT,Technical Resources,Technical Articles,Microwaves & RF,Publication,https://www.mwrf.com,RF Engineer,Education,Publication credibility,Monitor+Pitch,"RF timing, advanced timing in embedded systems",MW&RF editors,"RF,timing,embedded","RF/microwave audience; pitch precision timing content"
CH-030A,CH-030,Technical Resources,Technical Articles,MW&RF - Advanced Timing Embedded,Article,https://www.mwrf.com/technologies/test-measurement/article/55318155/advanced-timing-in-next-generation-embedded-systems,Engineer,Education,Article depth,Amplify,"Next-gen embedded timing, MEMS clock generators",Tech writers,"embedded,timing,MEMS","Good positioning content for embedded market"
CH-031,ROOT,Technical Resources,Datasheets/Whitepapers,SiTime Whitepapers,Owned,https://www.sitime.com/support/resource-library,Engineer,Validation,Technical depth,Build+Iterate,"Comparison papers, application notes, technical guides",SiTime team,"whitepaper,comparison,application note","Citeable artifacts for engineers to reference in reviews"
CH-031A,CH-031,Technical Resources,Datasheets/Whitepapers,SiTime - Quartz vs MEMS Comparison,Whitepaper,https://www.sitime.com/api/gated/Comparison%20of%20Quartz%20Crystal%20Oscillators%20and%20Silicon%20MEMS%20Oscillators.pdf,Engineer,Validation,Technical depth,Syndicate,"Detailed MEMS vs quartz comparison, specs, data",SiTime team,"comparison,MEMS,quartz","Key comparison document; use in sales and community"
CH-032,ROOT,Distributor Content,Distributor Marketing,DigiKey SiTime Content,Distributor,https://www.digikey.com/en/ptm/s/sitime/8-reasons-to-replace-crystals-with-mems-oscillators,Engineer,Education,Distributor reach,Syndicate,"8 reasons for MEMS, educational content",DigiKey marketing,"MEMS,crystal,replacement","Distributor-amplified content; drive traffic"
CH-033,ROOT,Technical Resources,Component Resources,Components101 - Crystal vs MEMS,Reference,https://components101.com/articles/crystal-vs-mems-oscillator,Engineer+Hobbyist,Education,Site traffic,Monitor,"Basic comparison, when to use each type",Site editors,"crystal,MEMS,comparison","Beginner-friendly comparison; ensure accurate info"
CH-034,ROOT,Technical Resources,Component Resources,RF Wireless World - MEMS vs Crystal,Reference,https://www.rfwireless-world.com/Terminology/MEMS-Oscillator-vs-Crystal-Oscillator.html,Engineer,Education,Reference site,Monitor,"Technical comparison, key differences",Site editors,"MEMS,crystal,RF","Quick reference for engineers"
